seed,F1_real,F1_tabddpm,F1_tabddpm_joint,F1_mcce,F1_tvae,AUC_real,AUC_tabddpm,AUC_tabddpm_joint,AUC_mcce,AUC_tvae,acc_real,acc_tabddpm,acc_tabddpm_joint,acc_mcce,acc_tvae
1234,0.722564483357949,0.15110356536502548,0.5961175167741515,0.676264128255707,0.6657726083941209,0.8629678230678806,0.7199896115257389,0.7924423849749858,0.8273462915880696,0.7894488641023538,0.864,0.178,0.845,0.839,0.84
