seed,F1_real,F1_tabddpm,F1_mcce,F1_tvae,AUC_real,AUC_tabddpm,AUC_mcce,AUC_tvae,acc_real,acc_tabddpm,acc_mcce,acc_tvae
1234,0.8461538461538461,0.6410256410256411,0.830188679245283,0.7628865979381444,0.8161538461538461,0.746923076923077,0.8046153846153845,0.8061538461538462,0.7922077922077922,0.6363636363636364,0.7662337662337663,0.7012987012987013
4500,0.8461538461538461,0.5974025974025974,0.830188679245283,0.803921568627451,0.8092307692307692,0.783076923076923,0.7984615384615386,0.7992307692307692,0.7922077922077922,0.5974025974025974,0.7662337662337663,0.7402597402597403
2018,0.8269230769230769,0.5263157894736842,0.8113207547169811,0.7676767676767676,0.8138461538461539,0.7653846153846154,0.8,0.8053846153846153,0.7662337662337663,0.5324675324675324,0.7402597402597403,0.7012987012987013
1999,0.8269230769230769,0.5263157894736842,0.8269230769230769,0.8269230769230769,0.8207692307692307,0.7253846153846153,0.7999999999999999,0.8123076923076923,0.7662337662337663,0.5324675324675324,0.7662337662337663,0.7662337662337663
2023,0.8380952380952382,0.5641025641025641,0.8380952380952382,0.7835051546391751,0.8161538461538461,0.7192307692307692,0.8023076923076924,0.8,0.7792207792207793,0.5584415584415584,0.7792207792207793,0.7272727272727273
