seed,F1_real,F1_tabddpm,F1_tabddpm_joint,F1_mcce,F1_tvae,AUC_real,AUC_tabddpm,AUC_tabddpm_joint,AUC_mcce,AUC_tvae,acc_real,acc_tabddpm,acc_tabddpm_joint,acc_mcce,acc_tvae
1234,0.7243650047036688,0.207492795389049,0.4695232347616174,0.7228135122628414,0.6379234491860976,0.9320296492090814,0.7482840801983444,0.8303164187361692,0.9301761894516843,0.8836172496106877,0.8704113224237063,0.7567448031844317,0.8056169836355594,0.8675364882795223,0.818000884564352
4500,0.7313642756680732,0.22827687776141384,0.4858626658972879,0.7248949089210649,0.5718323127649553,0.9322139322596508,0.7861814605360217,0.8313991937136301,0.9290368105073356,0.8688600063519383,0.8732861565678903,0.7682441397611677,0.8029632905793896,0.8697478991596639,0.7989827509951349
2018,0.7285579641847314,0.16654049962149886,0.41677255400254126,0.7298180121325244,0.6621253405994549,0.9323060097532989,0.7375701786738792,0.8011658880419636,0.9300185435620032,0.8940729755757724,0.8726227333038479,0.7565236620964175,0.7969924812030075,0.8719593100398054,0.8354710305174702
1999,0.7259953161592506,0.1953765846383296,0.44954682779456195,0.727187646233037,0.6337308347529812,0.9324277979263995,0.763975801163839,0.823814902467011,0.9293141955577411,0.8811743146053603,0.8706324635117205,0.7613887660327289,0.7985404688191066,0.8710747456877488,0.8098186643078283
2023,0.7278719397363466,0.2678062678062678,0.4259259259259259,0.7226415094339623,0.607291185971389,0.9316915621670354,0.7990246701090075,0.8179142590771249,0.9298487316613392,0.8806419555774118,0.8721804511278195,0.7726669615214506,0.7943387881468377,0.8699690402476781,0.8118089340999558
