seed,F1_real,F1_tabddpm,F1_mcce,F1_tvae,AUC_real,AUC_tabddpm,AUC_mcce,AUC_tvae,acc_real,acc_tabddpm,acc_mcce,acc_tvae
1234,0.7328959700093719,0.0768601798855274,0.7209411764705882,0.6476109215017065,0.9325768635767561,0.7663504784443897,0.9299173735759364,0.8859121434718464,0.8739495798319328,0.7503317116320213,0.8688633348076072,0.8173374613003096
